d222c748-3b70-4e83-9033-d1ad707052d4	data/pdfs/The Signiﬁcance of Microbe-Mineral-Biomarker Interactions.pdf	backend/runs/chunk_sanity_input_qrels_20260402\The Signiﬁcance of Microbe-Mineral-Biomarker Interactions.pdf
910981fc-eb0a-456e-8799-30bb965fb0f3	data/pdfs/The Signiﬁcance of Microbe-Mineral-Biomarker Interactions_1.pdf	backend/runs/chunk_sanity_input_qrels_20260402\The Signiﬁcance of Microbe-Mineral-Biomarker Interactions_1.pdf
744bc514-80f9-4b86-a098-dc9988d6499e	data/pdfs/The Signiﬁcance of Microbe-Mineral-Biomarker Interactions_2.pdf	backend/runs/chunk_sanity_input_qrels_20260402\The Signiﬁcance of Microbe-Mineral-Biomarker Interactions_2.pdf
f5e8d934-96d4-4761-97a4-96e3b23abad5	data/pdfs/life9030062.pdf	backend/runs/chunk_sanity_input_qrels_20260402\life9030062.pdf
5265cd7f-5e73-4bbe-b310-a72906513a40	data/pdfs/PAHs, hydrocarbons, and dimethylsulfides in Asteroid Ryugu samples A0106 and C0107 and the Orgueil (CI1) meteorite.pdf	backend/runs/chunk_sanity_input_qrels_20260402\PAHs, hydrocarbons, and dimethylsulfides in Asteroid Ryugu samples A0106 and C0107 and the Orgueil (CI1) meteorite.pdf
597b6f42-f78e-4f19-a3d6-68d6576adcee	data/pdfs/10.1186_BF03352764.pdf	backend/runs/chunk_sanity_input_qrels_20260402\10.1186_BF03352764.pdf
31f8af7a-aac8-476d-9685-5c1bc5bf3ad8	data/pdfs/Investigating the impact of xray computed tomography imaging on soluble organic matter in the Murchison meteorite- Implications for Bennu sample analyses.pdf	backend/runs/chunk_sanity_input_qrels_20260402\Investigating the impact of xray computed tomography imaging on soluble organic matter in the Murchison meteorite- Implications for Bennu sample analyses.pdf
1a0e211c-a7ff-44a5-a9d2-18bbc8d593ce	data/pdfs/Visualization and identification of single meteoritic organic molecules by atomic force microscopy.pdf	backend/runs/chunk_sanity_input_qrels_20260402\Visualization and identification of single meteoritic organic molecules by atomic force microscopy.pdf
360399a1-a5b0-4684-93ec-e8d611f0b87b	data/pdfs/A contamination assessment of the CI carbonaceous meteorite Orgueil using a DNAdirected approach.pdf	backend/runs/chunk_sanity_input_qrels_20260402\A contamination assessment of the CI carbonaceous meteorite Orgueil using a DNAdirected approach.pdf
fb640e0c-3757-46e3-9b0e-52b9666fa5f7	data/pdfs/Cold curation of pristine astromaterials- Insights from the Tagish Lake meteorite.pdf	backend/runs/chunk_sanity_input_qrels_20260402\Cold curation of pristine astromaterials- Insights from the Tagish Lake meteorite.pdf
1ffc2a02-6ed2-4f6b-86a3-e92df6a04786	data/pdfs/Indigenous aliphatic amines in the aqueously altered Orgueil meteorite.pdf	backend/runs/chunk_sanity_input_qrels_20260402\Indigenous aliphatic amines in the aqueously altered Orgueil meteorite.pdf
b382e7ec-2edb-45a5-bc98-e0a5ed2c7500	data/pdfs/A propensity for nωamino acids in thermally altered Antarctic meteorites.pdf	backend/runs/chunk_sanity_input_qrels_20260402\A propensity for nωamino acids in thermally altered Antarctic meteorites.pdf
e276dbde-09cd-4374-9ac9-5a3f7ceb4a3c	data/pdfs/Molecular and isotopic indicators of alteration in CR chondrites.pdf	backend/runs/chunk_sanity_input_qrels_20260402\Molecular and isotopic indicators of alteration in CR chondrites.pdf
95aee81b-d02b-4f43-8f64-c763e6043a29	data/pdfs/Clay mineralorganic matter relationships in the early solar system.pdf	backend/runs/chunk_sanity_input_qrels_20260402\Clay mineralorganic matter relationships in the early solar system.pdf
3901dcb3-e954-4189-9fc9-d557bd2af36d	data/pdfs/Organic Matter Detection on Mars by Pyrolysis-FTIR- An Analysis of Sensitivity and Mineral Matrix Effects.pdf	backend/runs/chunk_sanity_input_qrels_20260402\Organic Matter Detection on Mars by Pyrolysis-FTIR- An Analysis of Sensitivity and Mineral Matrix Effects.pdf
a4c8c6db-bfff-4ad2-a7ac-8c6ebc70a540	data/pdfs/10.1088_0004-637X_783_2_140.pdf	backend/runs/chunk_sanity_input_qrels_20260402\10.1088_0004-637X_783_2_140.pdf
789d5227-83e1-4d63-8d73-cd6927083821	data/pdfs/The missing organic molecules on Mars.pdf	backend/runs/chunk_sanity_input_qrels_20260402\The missing organic molecules on Mars.pdf
7c06d57c-1719-4790-b817-93d7acd4f2c8	data/pdfs/Organic material and gases in the early Solar System - the meteorite record.pdf	backend/runs/chunk_sanity_input_qrels_20260402\Organic material and gases in the early Solar System - the meteorite record.pdf
f32a6dfe-208f-407d-b994-279c06c4da1a	data/pdfs/Extraterrestrial hexamethylenetetramine Yasuhiro Oba.pdf	backend/runs/chunk_sanity_input_qrels_20260402\Extraterrestrial hexamethylenetetramine Yasuhiro Oba.pdf
6189bb5c-2ba4-4e92-8ea2-b746f06bf82d	data/pdfs/Potential for nondestructive astrochemistry using the ExoMars PanCam.pdf	backend/runs/chunk_sanity_input_qrels_20260402\Potential for nondestructive astrochemistry using the ExoMars PanCam.pdf
2d498c44-31ba-4b5c-8888-09700c6ae484	data/pdfs/Exploiting the multivariate isotopic nature of Kai-Uwe Hinrichs Hanse Institute of Advanced Study, D-27753 Delmenhorst, Germany Permanently at Department of Geology and Geophysics, Woods Hole Ocean.pdf	backend/runs/chunk_sanity_input_qrels_20260402\Exploiting the multivariate isotopic nature of Kai-Uwe Hinrichs Hanse Institute of Advanced Study, D-27753 Delmenhorst, Germany Permanently at Department of Geology and Geophysics, Woods Hole Ocean.pdf
d943dc17-79ba-4a1f-ae08-1b09b9dbc6a4	data/pdfs/ACS_Organics-Review_TrackChanges.pdf	backend/runs/chunk_sanity_input_qrels_20260402\ACS_Organics-Review_TrackChanges.pdf
8ebbad27-90f7-4726-9d39-71293c158c32	data/pdfs/iau1102505a.pdf	backend/runs/chunk_sanity_input_qrels_20260402\iau1102505a.pdf
3be14e25-b1dc-407b-9202-16dbfa0537f1	data/pdfs/Unraveling the chemical history of the Solar System as recorded in extraterrestrial organic matter.pdf	backend/runs/chunk_sanity_input_qrels_20260402\Unraveling the chemical history of the Solar System as recorded in extraterrestrial organic matter.pdf
73a6e03d-a542-4862-b49f-0ab1a5e6d973	data/pdfs/10.1016_j.gca.2018.01.038.pdf	backend/runs/chunk_sanity_input_qrels_20260402\10.1016_j.gca.2018.01.038.pdf
ed794257-3c11-4148-a33d-0211bcef5b0f	data/pdfs/Microsoft Word - Martins et al 2008.doc.pdf	backend/runs/chunk_sanity_input_qrels_20260402\Microsoft Word - Martins et al 2008.doc.pdf
380485ec-0024-4684-ba8b-03bb43442e35	data/pdfs/Extraterrestrial Life Signature Detection Microscopy- Search and Analysis of Cells and Organics on Mars and Other Solar System Bodies.pdf	backend/runs/chunk_sanity_input_qrels_20260402\Extraterrestrial Life Signature Detection Microscopy- Search and Analysis of Cells and Organics on Mars and Other Solar System Bodies.pdf
eeb95008-238a-4a01-a2ab-1e8360a2d465	data/pdfs/Concerns of Organic Contamination for Sample Return Space Missions.pdf	backend/runs/chunk_sanity_input_qrels_20260402\Concerns of Organic Contamination for Sample Return Space Missions.pdf
a2d5e625-bb83-4085-a8d1-61314610c7d5	data/pdfs/essoar.10506442.1.pdf	backend/runs/chunk_sanity_input_qrels_20260402\essoar.10506442.1.pdf